chr	orig_start_0	orig_end_0	shift	new_start_0	new_end_0
# new = orig - shift (0-based半开区间坐标)
chr1	10036217	10138768	10036217	0	102551
chr1	33906224	34310662	33803673	102551	506989
chr1	37888476	37900338	37381487	506989	518851
chr1	46805543	46855618	46286692	518851	568926
chr1	63271268	63316575	62702342	568926	614233
chr1	78655824	78709743	78041591	614233	668152
chr1	82722917	82754389	82054765	668152	699624
chr1	82837459	82903001	82137835	699624	765166
chr1	105516421	105665676	104751255	765166	914421
chr1	156802165	156941387	155887744	914421	1053643
chr1	161814111	161878682	160760468	1053643	1118214
chr1	168151526	168434169	167033312	1118214	1400857
chr1	172146014	172198393	170745157	1400857	1453236
chr1	181894385	182021980	180441149	1453236	1580831
chr1	183324235	183371565	181743404	1580831	1628161
chr10	4264328	4361471	4264328	0	97143
chr10	10333702	10474399	10236559	97143	237840
chr10	20169021	20283590	19931181	237840	352409
chr10	25357797	25525518	25005388	352409	520130
chr10	41301933	41435568	40781803	520130	653765
chr10	41912989	42020382	41259224	653765	761158
chr10	58495936	58578244	57734778	761158	843466
chr10	63012663	63022300	62169197	843466	853103
chr10	79975119	79986260	79122016	853103	864244
chr10	80328144	80338441	79463900	864244	874541
chr10	86703810	86778843	85829269	874541	949574
chr10	93552880	93586326	92603306	949574	983020
chr10	107269830	107427143	106286810	983020	1140333
chr10	119817388	120089260	118677055	1140333	1412205
chr10	128695938	128707051	127283733	1412205	1423318
chr11	20683084	20743556	20683084	0	60472
chr11	22003825	22288795	21943353	60472	345442
chr11	33209793	33515753	32864351	345442	651402
chr11	60110216	60117232	59458814	651402	658418
chr11	61446416	61455992	60787998	658418	667994
chr11	62709485	62731093	62041491	667994	689602
chr11	70968198	70979933	70278596	689602	701337
chr11	76405142	76418313	75703805	701337	714508
chr11	77491411	77509774	76776903	714508	732871
chr11	77775234	77867988	77042363	732871	825625
chr11	78176657	78182819	77351032	825625	831787
chr11	82717247	82766321	81885460	831787	880861
chr11	88828791	88853503	87947930	880861	905573
chr11	101550106	101583951	100644533	905573	939418
chr11	113682433	113696647	112743015	939418	953632
chr12	59093590	59192220	59093590	0	98630
chr12	72439865	72512565	72341235	98630	171330
chr12	84314858	84363828	84143528	171330	220300
chr12	84407067	84435780	84186767	220300	249013
chr12	98626141	98671819	98377128	249013	294691
chr12	101080450	101090927	100785759	294691	305168
chr12	110805797	110842939	110500629	305168	342310
chr12	113072501	113090917	112730191	342310	360726
chr12	113096277	113139206	112735551	360726	403655
chr13	24010483	24282790	24010483	0	272307
chr13	53391688	53457630	53119381	272307	338249
chr13	58282726	58356947	57944477	338249	412470
chr14	13947011	13963313	13947011	0	16302
chr14	47470560	47533962	47454258	16302	79704
chr14	78557349	78734729	78477645	79704	257084
chr15	39196285	39686372	39196285	0	490087
chr15	58897930	58935738	58407843	490087	527895
chr15	58939233	59084026	58411338	527895	672688
chr15	74667080	74674570	73994392	672688	680178
chr15	75991768	76001153	75311590	680178	689563
chr15	79132654	79143251	78443091	689563	700160
chr15	79284227	79330371	78584067	700160	746304
chr15	80232079	80255371	79485775	746304	769596
chr15	82125921	82144202	81356325	769596	787877
chr15	89209558	89289012	88421681	787877	867331
chr15	102294292	102326356	101426961	867331	899395
chr16	18619810	18631938	18619810	0	12128
chr16	23105467	23116132	23093339	12128	22793
chr16	27386955	27454218	27364162	22793	90056
chr16	30310423	30390530	30220367	90056	170163
chr16	31661934	31875356	31491771	170163	383585
chr16	43245283	43621123	42861698	383585	759425
chr16	45727724	45744955	44968299	759425	776656
chr16	62791672	62849040	62015016	776656	834024
chr16	69854873	69865744	69020849	834024	844895
chr17	8163517	8198470	8163517	0	34953
chr17	34396819	34462734	34361866	34953	100868
chr17	34896969	34916073	34796101	100868	119972
chr17	35895597	35912068	35775625	119972	136443
chr17	45583199	45595640	45446756	136443	148884
chr17	46678985	46685126	46530101	148884	155025
chr17	55995078	56010136	55840053	155025	170083
chr17	63861980	64141496	63691897	170083	449599
chr17	65254004	65542782	64804405	449599	738377
chr17	71779946	71860351	71041569	738377	818782
chr17	79613216	79686976	78794434	818782	892542
chr18	10723624	10820578	10723624	0	96954
chr18	12753311	12881979	12656357	96954	225622
chr18	34757326	34775760	34531704	225622	244056
chr18	75003838	75011935	74759782	244056	252153
chr19	5705373	5728317	5705373	0	22944
chr19	11094815	11132878	11071871	22944	61007
chr19	26603159	26780321	26542152	61007	238169
chr2	3407042	3424648	3407042	0	17606
chr2	23205475	23269129	23187869	17606	81260
chr2	24923351	24937281	24842091	81260	95190
chr2	26394248	26411219	26299058	95190	112161
chr2	27443580	27477673	27331419	112161	146254
chr2	29887719	29933746	29741465	146254	192281
chr2	32412486	32453470	32220205	192281	233265
chr2	52070836	52128768	51837571	233265	291197
chr2	68655883	68750465	68364686	291197	385779
chr2	69191894	69208213	68806115	385779	402098
chr2	70506818	70542884	70104720	402098	438164
chr2	76661033	76675098	76222869	438164	452229
chr2	92182181	92366666	91729952	452229	636714
chr2	93978633	94012730	93341919	636714	670811
chr2	128125574	128133498	127454763	670811	678735
chr2	151540482	151563691	150861747	678735	701944
chr2	152667460	152710668	151965516	701944	745152
chr2	153777245	153846752	153032093	745152	814659
chr2	155488379	155516846	154673720	814659	843126
chr2	163052634	163086687	162209508	843126	877179
chr2	172977841	172995576	172100662	877179	894914
chr2	173595039	173618423	172700125	894914	918298
chr3	36861105	37055033	36861105	0	193928
chr3	37417949	37581096	37224021	193928	357075
chr3	54357266	54393041	54000191	357075	392850
chr3	54693122	54730763	54300272	392850	430491
chr3	55043468	55057055	54612977	430491	444078
chr3	88683786	88714933	88239708	444078	475225
chr3	94370793	94400274	93895568	475225	504706
chr3	103912119	103968636	103407413	504706	561223
chr3	106719681	106738576	106158458	561223	580118
chr3	135346028	135399827	134765910	580118	633917
chr3	145116588	145155915	144482671	633917	673244
chr3	152179579	152212083	151506335	673244	705748
chr4	34766669	34780366	34766669	0	13697
chr4	43265158	43375831	43251461	13697	124370
chr4	44124209	44170283	43999839	124370	170444
chr4	45888302	45952774	45717858	170444	234916
chr4	46534936	46603929	46300020	234916	303909
chr4	109059144	109204272	108755235	303909	449037
chr4	119365639	119385834	118916602	449037	469232
chr4	119420683	119455899	118951451	469232	504448
chr4	130045839	130101277	129541391	504448	559886
chr4	156219455	156230542	155659569	559886	570973
chr5	21481846	21647605	21481846	0	165759
chr5	29733897	29759968	29568138	165759	191830
chr5	30153252	30186593	29961422	191830	225171
chr5	30279392	30368695	30054221	225171	314474
chr5	36488603	36588226	36174129	314474	414097
chr5	92329826	92416627	91915729	414097	500898
chr5	111328696	111390359	110827798	500898	562561
chr5	112335390	112345040	111772829	562561	572211
chr5	123575793	123686361	123003582	572211	682779
chr5	124116688	124189182	123433909	682779	755273
chr5	135104890	135140201	134349617	755273	790584
chr5	137594646	137603059	136804062	790584	798997
chr5	138278508	138314393	137479511	798997	834882
chr5	139198636	139251839	138363754	834882	888085
chr5	143163429	143167751	142275344	888085	892407
chr5	143214315	143227882	142321908	892407	905974
chr6	29538826	29611849	29538826	0	73023
chr6	34778431	34861459	34705408	73023	156051
chr6	56077987	56371634	55921936	156051	449698
chr6	83049266	83056571	82599568	449698	457003
chr6	83150709	83158379	82693706	457003	464673
chr6	91902232	91952725	91437559	464673	515166
chr6	113235842	113283392	112720676	515166	562716
chr6	120322321	120359469	119759605	562716	599864
chr6	124806660	124812616	124206796	599864	605820
chr6	128360993	128377886	127755173	605820	622713
chr6	146949300	146956421	146326587	622713	629834
chr7	28737640	28743821	28737640	0	6181
chr7	29179531	29212925	29173350	6181	39575
chr7	29695218	29729032	29655643	39575	73389
chr7	30238137	30282410	30164748	73389	117662
chr7	42443454	42450102	42325792	117662	124310
chr7	44989221	44999579	44864911	124310	134668
chr7	45484262	45524387	45349594	134668	174793
chr7	45922214	45950963	45747421	174793	203542
chr7	82172795	82309420	81969253	203542	340167
chr7	89916684	89943204	89576517	340167	366687
chr7	105369210	105402054	105002523	366687	399531
chr7	109277215	109441053	108877684	399531	563369
chr7	120201963	120327352	119638594	563369	688758
chr7	126793233	126802447	126104475	688758	697972
chr7	126884219	126924906	126186247	697972	738659
chr7	139211274	139231012	138472615	738659	758397
chr7	139246481	139269253	138488084	758397	781169
chr7	141192129	141212055	140410960	781169	801095
chr7	141879579	141904461	141078484	801095	825977
chr8	24675231	24727852	24675231	0	52621
chr8	60991192	61133346	60938571	52621	194775
chr8	69830623	69874292	69635848	194775	238444
chr8	70491130	70506081	70252686	238444	253395
chr8	70595489	70610314	70342094	253395	268220
chr8	79709762	79779321	79441542	268220	337779
chr8	84988622	85005349	84650843	337779	354506
chr8	85051159	85062460	84696653	354506	365807
chr8	105706288	105712245	105340481	365807	371764
chr8	105825743	105846676	105453979	371764	392697
chr8	111446783	111524107	111054086	392697	470021
chr8	111534639	111627719	111064618	470021	563101
chr8	129065110	129185732	128502009	563101	683723
chr9	21227729	21241332	21227729	0	13603
chr9	21586681	21594831	21573078	13603	21753
chr9	48486696	48497330	48464943	21753	32387
chr9	50519616	50530656	50487229	32387	43427
chr9	59516684	59527501	59473257	43427	54244
chr9	70540714	70594237	70486470	54244	107767
chr9	87020028	87079774	86912261	107767	167513
chr9	96194274	96325646	96026761	167513	298885
chr9	102584577	102628124	102285692	298885	342432
chr9	119100508	119150246	118758076	342432	392170
chr9	121846556	121859796	121454386	392170	405410
chr9	123070297	123115194	122664887	405410	450307
chrX	10156215	10218795	10156215	0	62580
chrX	94337902	94368777	94275322	62580	93455
chrX	159530667	159595081	159437212	93455	157869
